"","統計年月","縣市","行政區域","戶數","總人數","人口數","青少年人口","壯年人口","老年人口"
"1",10407,"臺北市","北投區八仙里",2107,5724,5724,801,4282,641
"2",10407,"臺北市","北投區大同里",2366,6288,6288,897,4662,729
"3",10407,"臺北市","北投區大屯里",428,1253,1253,171,892,190
"4",10407,"臺北市","北投區稻香里",2031,5282,5282,631,4009,642
"5",10407,"臺北市","北投區東華里",1606,4688,4688,753,3368,567
"6",10407,"臺北市","北投區豐年里",1723,4943,4943,896,3472,575
"7",10407,"臺北市","北投區福興里",2661,7608,7608,1413,5385,810
"8",10407,"臺北市","北投區關渡里",4189,11912,11912,1701,8734,1477
"9",10407,"臺北市","北投區湖山里",705,1825,1825,182,1280,363
"10",10407,"臺北市","北投區湖田里",391,1047,1047,109,782,156
"11",10407,"臺北市","北投區吉利里",2555,7583,7583,1571,5169,843
"12",10407,"臺北市","北投區吉慶里",1972,5773,5773,1152,3978,643
"13",10407,"臺北市","北投區建民里",1690,4462,4462,570,3215,677
"14",10407,"臺北市","北投區開明里",2571,6793,6793,784,5098,911
"15",10407,"臺北市","北投區立農里",3394,9717,9717,1788,7019,910
"16",10407,"臺北市","北投區立賢里",2071,5957,5957,1173,4167,617
"17",10407,"臺北市","北投區林泉里",1548,3585,3585,394,2646,545
"18",10407,"臺北市","北投區奇岩里",3571,9952,9952,1236,7504,1212
"19",10407,"臺北市","北投區清江里",4126,9843,9843,1187,7369,1287
"20",10407,"臺北市","北投區泉源里",845,2444,2444,240,1840,364
"21",10407,"臺北市","北投區榮光里",2802,8148,8148,1712,5527,909
"22",10407,"臺北市","北投區榮華里",2969,7928,7928,1133,5731,1064
"23",10407,"臺北市","北投區石牌里",2103,5729,5729,824,4189,716
"24",10407,"臺北市","北投區桃源里",2312,6323,6323,822,4878,623
"25",10407,"臺北市","北投區溫泉里",2784,7046,7046,903,5193,950
"26",10407,"臺北市","北投區文化里",1689,4604,4604,872,3186,546
"27",10407,"臺北市","北投區文林里",1658,4447,4447,597,3200,650
"28",10407,"臺北市","北投區秀山里",1239,3497,3497,440,2515,542
"29",10407,"臺北市","北投區一德里",2768,7705,7705,1188,5738,779
"30",10407,"臺北市","北投區永和里",3654,9656,9656,1509,7012,1135
"31",10407,"臺北市","北投區永明里",1868,5274,5274,1039,3655,580
"32",10407,"臺北市","北投區永欣里",3342,8191,8191,1321,5818,1052
"33",10407,"臺北市","北投區裕民里",3051,8014,8014,1156,5883,975
"34",10407,"臺北市","北投區長安里",2626,6434,6434,901,4740,793
"35",10407,"臺北市","北投區振華里",2904,8153,8153,1228,5779,1146
"36",10407,"臺北市","北投區智仁里",2319,6650,6650,1072,4774,804
"37",10407,"臺北市","北投區中和里",1958,5278,5278,700,3779,799
"38",10407,"臺北市","北投區中心里",3018,6674,6674,794,4999,881
"39",10407,"臺北市","北投區中央里",3422,9219,9219,1360,6822,1037
"40",10407,"臺北市","北投區中庸里",1772,4608,4608,603,3364,641
"41",10407,"臺北市","北投區洲美里",873,2268,2268,345,1638,285
"42",10407,"臺北市","北投區尊賢里",1767,5126,5126,986,3519,621
"43",10407,"臺北市","大安區昌隆里",1161,3156,3156,304,2122,730
"44",10407,"臺北市","大安區車層里",2491,6689,6689,1075,4380,1234
"45",10407,"臺北市","大安區誠安里",1842,4342,4342,485,3050,807
"46",10407,"臺北市","大安區大學里",3540,8925,8925,1449,5957,1519
"47",10407,"臺北市","大安區德安里",2350,6011,6011,975,3991,1045
"48",10407,"臺北市","大安區敦安里",2478,6762,6762,1265,4398,1099
"49",10407,"臺北市","大安區敦煌里",2373,6525,6525,1250,4183,1092
"50",10407,"臺北市","大安區法治里",1862,4601,4601,564,3301,736
"51",10407,"臺北市","大安區芳和里",2327,6016,6016,737,4314,965
"52",10407,"臺北市","大安區福住里",2389,6958,6958,1614,4474,870
"53",10407,"臺北市","大安區古風里",1771,4408,4408,634,3088,686
"54",10407,"臺北市","大安區古莊里",3014,7392,7392,1193,5072,1127
"55",10407,"臺北市","大安區光明里",1406,3865,3865,889,2535,441
"56",10407,"臺北市","大安區光武里",3304,8055,8055,1157,5497,1401
"57",10407,"臺北市","大安區光信里",3053,8319,8319,1409,5680,1230
"58",10407,"臺北市","大安區和安里",2521,7480,7480,1539,4935,1006
"59",10407,"臺北市","大安區虎嘯里",1692,3862,3862,465,2754,643
"60",10407,"臺北市","大安區華聲里",1741,4537,4537,728,3085,724
"61",10407,"臺北市","大安區建安里",2152,5234,5234,784,3546,904
"62",10407,"臺北市","大安區建倫里",2431,6592,6592,1075,4323,1194
"63",10407,"臺北市","大安區錦安里",2361,6576,6576,1477,4236,863
"64",10407,"臺北市","大安區錦華里",2153,6146,6146,1374,4048,724
"65",10407,"臺北市","大安區錦泰里",1360,3825,3825,807,2467,551
"66",10407,"臺北市","大安區黎和里",2076,5049,5049,590,3795,664
"67",10407,"臺北市","大安區黎孝里",3027,7847,7847,858,5873,1116
"68",10407,"臺北市","大安區黎元里",2052,5714,5714,724,4266,724
"69",10407,"臺北市","大安區臨江里",1761,4359,4359,573,3142,644
"70",10407,"臺北市","大安區龍安里",3684,8428,8428,1523,5559,1346
"71",10407,"臺北市","大安區龍門里",1626,4673,4673,973,2970,730
"72",10407,"臺北市","大安區龍坡里",2292,6219,6219,1168,4017,1034
"73",10407,"臺北市","大安區龍泉里",2040,5203,5203,1012,3498,693
"74",10407,"臺北市","大安區龍生里",2616,7325,7325,1563,4807,955
"75",10407,"臺北市","大安區龍圖里",2811,7072,7072,998,4951,1123
"76",10407,"臺北市","大安區龍淵里",3502,10359,10359,2435,6616,1308
"77",10407,"臺北市","大安區龍雲里",1909,5120,5120,728,3509,883
"78",10407,"臺北市","大安區龍陣里",1464,3671,3671,441,2574,656
"79",10407,"臺北市","大安區民輝里",2887,7129,7129,893,4920,1316
"80",10407,"臺北市","大安區民炤里",3221,8506,8506,1409,5571,1526
"81",10407,"臺北市","大安區全安里",1832,4595,4595,598,3187,810
"82",10407,"臺北市","大安區群賢里",2489,6174,6174,791,4331,1052
"83",10407,"臺北市","大安區群英里",3009,7384,7384,939,5391,1054
"84",10407,"臺北市","大安區仁愛里",2230,5601,5601,843,3642,1116
"85",10407,"臺北市","大安區仁慈里",2050,5839,5839,1284,3803,752
"86",10407,"臺北市","大安區通安里",2368,5872,5872,789,4207,876
"87",10407,"臺北市","大安區通化里",2610,6441,6441,846,4680,915
"88",10407,"臺北市","大安區臥龍里",813,2020,2020,316,1340,364
"89",10407,"臺北市","大安區新龍里",2641,7288,7288,1358,4971,959
"90",10407,"臺北市","大安區學府里",1162,2988,2988,400,1890,698
"91",10407,"臺北市","大安區義安里",2200,5658,5658,770,3906,982
"92",10407,"臺北市","大安區義村里",2549,6088,6088,612,4326,1150
"93",10407,"臺北市","大安區永康里",1483,4036,4036,824,2653,559
"94",10407,"臺北市","大安區正聲里",1947,5164,5164,840,3484,840
"95",10407,"臺北市","大安區住安里",2293,5509,5509,792,3796,921
"96",10407,"臺北市","大同區保安里",1664,4350,4350,574,3063,713
"97",10407,"臺北市","大同區朝陽里",1994,4592,4592,586,3367,639
"98",10407,"臺北市","大同區大有里",1931,5232,5232,785,3719,728
"99",10407,"臺北市","大同區光能里",2029,5488,5488,976,3788,724
"100",10407,"臺北市","大同區國慶里",1811,4576,4576,621,3390,565
"101",10407,"臺北市","大同區國順里",1138,3092,3092,380,2274,438
"102",10407,"臺北市","大同區建功里",1975,4796,4796,686,3433,677
"103",10407,"臺北市","大同區建明里",1511,3616,3616,470,2614,532
"104",10407,"臺北市","大同區建泰里",1619,4014,4014,691,2793,530
"105",10407,"臺北市","大同區景星里",1164,2944,2944,382,2097,465
"106",10407,"臺北市","大同區老師里",2320,6249,6249,836,4552,861
"107",10407,"臺北市","大同區鄰江里",2551,6644,6644,772,4864,1008
"108",10407,"臺北市","大同區隆和里",1196,3246,3246,479,2251,516
"109",10407,"臺北市","大同區民權里",2653,7091,7091,1329,5009,753
"110",10407,"臺北市","大同區南芳里",1654,4311,4311,725,2984,602
"111",10407,"臺北市","大同區蓬萊里",2036,5138,5138,661,3766,711
"112",10407,"臺北市","大同區雙連里",3813,10412,10412,1961,7228,1223
"113",10407,"臺北市","大同區斯文里",2281,5595,5595,670,4150,775
"114",10407,"臺北市","大同區星明里",2590,6348,6348,1137,4534,677
"115",10407,"臺北市","大同區延平里",1816,4292,4292,550,3156,586
"116",10407,"臺北市","大同區揚雅里",2215,4399,4399,404,3272,723
"117",10407,"臺北市","大同區永樂里",2253,5689,5689,826,4037,826
"118",10407,"臺北市","大同區玉泉里",1285,3190,3190,477,2241,472
"119",10407,"臺北市","大同區至聖里",3280,8317,8317,1053,6034,1230
"120",10407,"臺北市","大同區重慶里",2632,7213,7213,1132,5210,871
"121",10407,"臺北市","南港區百福里",2113,5623,5623,805,4177,641
"122",10407,"臺北市","南港區成福里",2900,7897,7897,1066,5902,929
"123",10407,"臺北市","南港區東明里",1897,4977,4977,752,3631,594
"124",10407,"臺北市","南港區東新里",2767,7669,7669,1172,5667,830
"125",10407,"臺北市","南港區合成里",2818,7251,7251,968,5325,958
"126",10407,"臺北市","南港區鴻福里",1751,4872,4872,668,3603,601
"127",10407,"臺北市","南港區九如里",2492,6796,6796,1026,4894,876
"128",10407,"臺北市","南港區舊莊里",3528,9811,9811,1520,7232,1059
"129",10407,"臺北市","南港區聯成里",2001,5437,5437,757,3949,731
"130",10407,"臺北市","南港區南港里",2712,6613,6613,989,4849,775
"131",10407,"臺北市","南港區仁福里",2286,5973,5973,861,4469,643
"132",10407,"臺北市","南港區三重里",3112,6838,6838,1205,5060,573
"133",10407,"臺北市","南港區萬福里",1671,4373,4373,544,3231,598
"134",10407,"臺北市","南港區西新里",1874,5115,5115,805,3744,566
"135",10407,"臺北市","南港區新富里",1564,4279,4279,657,3086,536
"136",10407,"臺北市","南港區新光里",1497,3955,3955,529,2913,513
"137",10407,"臺北市","南港區玉成里",2014,5204,5204,757,3833,614
"138",10407,"臺北市","南港區中南里",1480,4016,4016,598,2956,462
"139",10407,"臺北市","南港區中研里",3490,9678,9678,1435,7145,1098
"140",10407,"臺北市","南港區重陽里",2245,5380,5380,986,4002,392
"141",10407,"臺北市","內湖區安湖里",2733,8468,8468,1613,6290,565
"142",10407,"臺北市","內湖區安泰里",2099,5833,5833,949,4453,431
"143",10407,"臺北市","內湖區寶湖里",3541,8670,8670,1622,6401,647
"144",10407,"臺北市","內湖區碧山里",2645,7309,7309,1060,5555,694
"145",10407,"臺北市","內湖區大湖里",2169,5747,5747,789,4447,511
"146",10407,"臺北市","內湖區東湖里",3088,8831,8831,1499,6765,567
"147",10407,"臺北市","內湖區港都里",2122,5961,5961,1044,4380,537
"148",10407,"臺北市","內湖區港富里",3496,10089,10089,1627,7439,1023
"149",10407,"臺北市","內湖區港華里",3259,9625,9625,1750,7107,768
"150",10407,"臺北市","內湖區港墘里",2345,6407,6407,1088,4728,591
"151",10407,"臺北市","內湖區湖濱里",3172,8501,8501,1196,6318,987
"152",10407,"臺北市","內湖區湖興里",3965,8917,8917,1097,6942,878
"153",10407,"臺北市","內湖區湖元里",2099,5788,5788,784,4477,527
"154",10407,"臺北市","內湖區葫洲里",2695,7861,7861,1777,5558,526
"155",10407,"臺北市","內湖區金湖里",3869,10500,10500,2334,7387,779
"156",10407,"臺北市","內湖區金龍里",2039,5598,5598,697,4297,604
"157",10407,"臺北市","內湖區金瑞里",2606,7072,7072,1090,5337,645
"158",10407,"臺北市","內湖區康寧里",3149,9619,9619,1957,6939,723
"159",10407,"臺北市","內湖區樂康里",3175,9237,9237,1619,7048,570
"160",10407,"臺北市","內湖區麗山里",2276,6305,6305,1081,4667,557
"161",10407,"臺北市","內湖區蘆洲里",489,1357,1357,223,1014,120
"162",10407,"臺北市","內湖區明湖里",1912,5878,5878,1214,4313,351
"163",10407,"臺北市","內湖區南湖里",2179,6068,6068,1425,4264,379
"164",10407,"臺北市","內湖區內溝里",1837,5082,5082,771,3900,411
"165",10407,"臺北市","內湖區內湖里",2519,6097,6097,713,4727,657
"166",10407,"臺北市","內湖區清白里",3641,8729,8729,1300,6688,741
"167",10407,"臺北市","內湖區瑞光里",1764,4822,4822,600,3708,514
"168",10407,"臺北市","內湖區瑞陽里",3150,8172,8172,1072,5969,1131
"169",10407,"臺北市","內湖區石潭里",1823,3776,3776,509,2858,409
"170",10407,"臺北市","內湖區五分里",4079,11904,11904,2659,8442,803
"171",10407,"臺北市","內湖區西安里",2569,6912,6912,849,5402,661
"172",10407,"臺北市","內湖區西湖里",2828,7776,7776,930,6037,809
"173",10407,"臺北市","內湖區西康里",3748,9667,9667,1219,7451,997
"174",10407,"臺北市","內湖區行善里",2796,6890,6890,899,5271,720
"175",10407,"臺北市","內湖區秀湖里",2421,6450,6450,803,4896,751
"176",10407,"臺北市","內湖區週美里",3278,7754,7754,998,5910,846
"177",10407,"臺北市","內湖區紫星里",2987,8293,8293,1105,6362,826
"178",10407,"臺北市","內湖區紫陽里",3148,8439,8439,1086,6603,750
"179",10407,"臺北市","內湖區紫雲里",2282,6178,6178,948,4490,740
"180",10407,"臺北市","士林區百齡里",2547,7705,7705,1248,5594,863
"181",10407,"臺北市","士林區承德里",2388,5954,5954,808,4340,806
"182",10407,"臺北市","士林區翠山里",1181,2744,2744,249,1920,575
"183",10407,"臺北市","士林區德華里",2227,5901,5901,776,4303,822
"184",10407,"臺北市","士林區德行里",1875,4617,4617,639,3337,641
"185",10407,"臺北市","士林區東山里",1806,5506,5506,794,4021,691
"186",10407,"臺北市","士林區福安里",1799,5003,5003,649,3744,610
"187",10407,"臺北市","士林區福德里",2868,6056,6056,693,4410,953
"188",10407,"臺北市","士林區福華里",2597,6818,6818,970,4973,875
"189",10407,"臺北市","士林區福佳里",3006,8346,8346,1291,5845,1210
"190",10407,"臺北市","士林區福林里",1254,3233,3233,432,2259,542
"191",10407,"臺北市","士林區福順里",2071,5611,5611,832,4043,736
"192",10407,"臺北市","士林區福志里",2994,7951,7951,1024,5654,1273
"193",10407,"臺北市","士林區福中里",2614,7497,7497,1366,5365,766
"194",10407,"臺北市","士林區富光里",2142,6263,6263,926,4566,771
"195",10407,"臺北市","士林區富洲里",2299,5925,5925,727,4484,714
"196",10407,"臺北市","士林區公館里",542,1471,1471,155,1071,245
"197",10407,"臺北市","士林區後港里",3076,8571,8571,1209,6316,1046
"198",10407,"臺北市","士林區葫東里",1578,4321,4321,607,3190,524
"199",10407,"臺北市","士林區葫蘆里",2811,8196,8196,1289,5880,1027
"200",10407,"臺北市","士林區菁山里",583,1706,1706,197,1259,250
"201",10407,"臺北市","士林區舊佳里",2402,6391,6391,828,4550,1013
"202",10407,"臺北市","士林區蘭興里",2458,6872,6872,974,5069,829
"203",10407,"臺北市","士林區蘭雅里",3296,9118,9118,1232,6723,1163
"204",10407,"臺北市","士林區臨溪里",1176,3066,3066,319,2179,568
"205",10407,"臺北市","士林區名山里",2693,7539,7539,1048,5485,1006
"206",10407,"臺北市","士林區明勝里",1950,5199,5199,701,3754,744
"207",10407,"臺北市","士林區平等里",533,1546,1546,170,1131,245
"208",10407,"臺北市","士林區前港里",1738,4869,4869,815,3547,507
"209",10407,"臺北市","士林區仁勇里",1578,4297,4297,685,2981,631
"210",10407,"臺北市","士林區三玉里",2169,6198,6198,860,4582,756
"211",10407,"臺北市","士林區社新里",3401,9555,9555,1434,7014,1107
"212",10407,"臺北市","士林區社園里",2655,7852,7852,1238,5749,865
"213",10407,"臺北市","士林區社子里",2413,6783,6783,1006,4960,817
"214",10407,"臺北市","士林區聖山里",1944,5336,5336,735,3870,731
"215",10407,"臺北市","士林區天福里",2331,6663,6663,1087,4802,774
"216",10407,"臺北市","士林區天和里",2774,8076,8076,1266,5891,919
"217",10407,"臺北市","士林區天祿里",1987,5602,5602,872,3979,751
"218",10407,"臺北市","士林區天母里",2569,7148,7148,1116,5077,955
"219",10407,"臺北市","士林區天山里",2675,7396,7396,1089,5302,1005
"220",10407,"臺北市","士林區天壽里",1956,5372,5372,856,3811,705
"221",10407,"臺北市","士林區天玉里",3478,9437,9437,1641,6608,1188
"222",10407,"臺北市","士林區溪山里",552,1509,1509,186,1065,258
"223",10407,"臺北市","士林區新安里",775,2091,2091,229,1452,410
"224",10407,"臺北市","士林區岩山里",1285,3656,3656,469,2730,457
"225",10407,"臺北市","士林區陽明里",1396,3116,3116,265,2211,640
"226",10407,"臺北市","士林區義信里",1327,3419,3419,550,2408,461
"227",10407,"臺北市","士林區永福里",470,1338,1338,133,924,281
"228",10407,"臺北市","士林區永倫里",2715,7716,7716,1009,5766,941
"229",10407,"臺北市","士林區芝山里",2801,7975,7975,1160,5955,860
"230",10407,"臺北市","士林區忠誠里",2180,5977,5977,810,4209,958
"231",10407,"臺北市","松山區安平里",3537,8733,8733,1099,6397,1237
"232",10407,"臺北市","松山區慈祐里",4006,8072,8072,865,6091,1116
"233",10407,"臺北市","松山區東昌里",1044,2966,2966,599,1908,459
"234",10407,"臺北市","松山區東光里",2989,7515,7515,907,5317,1291
"235",10407,"臺北市","松山區東榮里",3031,8572,8572,1521,5734,1317
"236",10407,"臺北市","松山區東勢里",1820,4736,4736,836,3160,740
"237",10407,"臺北市","松山區敦化里",2615,7611,7611,1500,5144,967
"238",10407,"臺北市","松山區福成里",1023,2893,2893,504,1963,426
"239",10407,"臺北市","松山區富錦里",2134,5483,5483,821,3844,818
"240",10407,"臺北市","松山區富泰里",2052,4957,4957,766,3437,754
"241",10407,"臺北市","松山區復建里",1828,4906,4906,990,3336,580
"242",10407,"臺北市","松山區復盛里",2545,6797,6797,987,4778,1032
"243",10407,"臺北市","松山區復勢里",2536,6584,6584,1149,4473,962
"244",10407,"臺北市","松山區復源里",1274,3507,3507,716,2363,428
"245",10407,"臺北市","松山區吉仁里",1565,4344,4344,836,2920,588
"246",10407,"臺北市","松山區吉祥里",3412,8777,8777,1155,6373,1249
"247",10407,"臺北市","松山區介壽里",1777,4899,4899,1019,3161,719
"248",10407,"臺北市","松山區精忠里",1736,4726,4726,895,3106,725
"249",10407,"臺北市","松山區龍田里",4247,11255,11255,2414,7277,1564
"250",10407,"臺北市","松山區美仁里",1361,3860,3860,834,2530,496
"251",10407,"臺北市","松山區民福里",2630,6626,6626,722,4849,1055
"252",10407,"臺北市","松山區民有里",3421,8994,8994,1152,6358,1484
"253",10407,"臺北市","松山區鵬程里",2126,5742,5742,699,4262,781
"254",10407,"臺北市","松山區三民里",2925,7161,7161,1048,4860,1253
"255",10407,"臺北市","松山區松基里",1470,3782,3782,474,2728,580
"256",10407,"臺北市","松山區新東里",2014,5218,5218,799,3705,714
"257",10407,"臺北市","松山區新聚里",3314,8372,8372,1181,6095,1096
"258",10407,"臺北市","松山區新益里",1844,4828,4828,596,3492,740
"259",10407,"臺北市","松山區中華里",2522,6862,6862,1346,4518,998
"260",10407,"臺北市","松山區中崙里",1718,4625,4625,1062,3055,508
"261",10407,"臺北市","松山區中正里",3915,10904,10904,2715,7089,1100
"262",10407,"臺北市","松山區莊敬里",2086,5649,5649,746,4024,879
"263",10407,"臺北市","松山區自強里",3750,10270,10270,1564,6972,1734
"264",10407,"臺北市","萬華區保德里",1306,3545,3545,490,2559,496
"265",10407,"臺北市","萬華區菜園里",2686,6339,6339,805,4584,950
"266",10407,"臺北市","萬華區頂碩里",3016,7695,7695,955,5665,1075
"267",10407,"臺北市","萬華區福星里",2717,5796,5796,810,4090,896
"268",10407,"臺北市","萬華區福音里",1462,3702,3702,477,2669,556
"269",10407,"臺北市","萬華區富福里",3147,6343,6343,598,4754,991
"270",10407,"臺北市","萬華區富民里",2265,5301,5301,625,3763,913
"271",10407,"臺北市","萬華區和德里",2780,7629,7629,1074,5565,990
"272",10407,"臺北市","萬華區和平里",2765,7154,7154,801,5264,1089
"273",10407,"臺北市","萬華區華江里",3248,8907,8907,1128,6593,1186
"274",10407,"臺北市","萬華區華中里",2388,6495,6495,865,4630,1000
"275",10407,"臺北市","萬華區錦德里",2172,5799,5799,717,4229,853
"276",10407,"臺北市","萬華區凌霄里",1687,3959,3959,471,2850,638
"277",10407,"臺北市","萬華區柳鄉里",2125,5597,5597,680,4055,862
"278",10407,"臺北市","萬華區綠堤里",1767,4585,4585,550,3302,733
"279",10407,"臺北市","萬華區銘德里",1844,4907,4907,607,3590,710
"280",10407,"臺北市","萬華區青山里",2614,5949,5949,628,4408,913
"281",10407,"臺北市","萬華區全德里",1569,4415,4415,736,3088,591
"282",10407,"臺北市","萬華區仁德里",2115,4861,4861,475,3610,776
"283",10407,"臺北市","萬華區日善里",1437,3966,3966,584,2901,481
"284",10407,"臺北市","萬華區日祥里",2415,5759,5759,703,4014,1042
"285",10407,"臺北市","萬華區榮德里",1394,3787,3787,455,2700,632
"286",10407,"臺北市","萬華區壽德里",2001,5601,5601,820,4084,697
"287",10407,"臺北市","萬華區雙園里",1945,5080,5080,862,3559,659
"288",10407,"臺北市","萬華區糖廍里",2247,5759,5759,679,4194,886
"289",10407,"臺北市","萬華區騰雲里",1310,3162,3162,309,2384,469
"290",10407,"臺北市","萬華區萬壽里",1902,3597,3597,424,2590,583
"291",10407,"臺北市","萬華區西門里",2002,3986,3986,495,2863,628
"292",10407,"臺北市","萬華區孝德里",1287,3500,3500,445,2570,485
"293",10407,"臺北市","萬華區新安里",2670,6520,6520,752,4770,998
"294",10407,"臺北市","萬華區新和里",3495,8959,8959,1011,6554,1394
"295",10407,"臺北市","萬華區新起里",2973,6722,6722,758,4909,1055
"296",10407,"臺北市","萬華區新忠里",1560,3703,3703,408,2484,811
"297",10407,"臺北市","萬華區興德里",1795,5238,5238,849,3703,686
"298",10407,"臺北市","萬華區忠德里",1729,4687,4687,700,3288,699
"299",10407,"臺北市","萬華區忠貞里",2309,5137,5137,565,3468,1104
"300",10407,"臺北市","文山區博嘉里",2186,5858,5858,792,4335,731
"301",10407,"臺北市","文山區華興里",3513,9283,9283,1451,6686,1146
"302",10407,"臺北市","文山區景東里",2901,7775,7775,1474,5495,806
"303",10407,"臺北市","文山區景華里",2270,6235,6235,1082,4329,824
"304",10407,"臺北市","文山區景美里",2056,5512,5512,998,3742,772
"305",10407,"臺北市","文山區景慶里",2538,7093,7093,1254,4930,909
"306",10407,"臺北市","文山區景仁里",1906,5116,5116,921,3576,619
"307",10407,"臺北市","文山區景行里",3038,7582,7582,1561,5218,803
"308",10407,"臺北市","文山區老泉里",359,992,992,173,696,123
"309",10407,"臺北市","文山區明興里",2772,7207,7207,939,5486,782
"310",10407,"臺北市","文山區明義里",1639,4571,4571,878,3209,484
"311",10407,"臺北市","文山區木柵里",3522,9227,9227,1390,6505,1332
"312",10407,"臺北市","文山區木新里",4329,10477,10477,1310,7916,1251
"313",10407,"臺北市","文山區試院里",2789,7271,7271,1109,5292,870
"314",10407,"臺北市","文山區順興里",2864,8087,8087,1405,5857,825
"315",10407,"臺北市","文山區萬芳里",3143,8405,8405,1253,6298,854
"316",10407,"臺北市","文山區萬和里",1412,3395,3395,433,2263,699
"317",10407,"臺北市","文山區萬隆里",2910,7701,7701,1281,5469,951
"318",10407,"臺北市","文山區萬美里",2844,7609,7609,1045,5681,883
"319",10407,"臺北市","文山區萬年里",2261,5664,5664,700,4090,874
"320",10407,"臺北市","文山區萬盛里",2034,4944,4944,579,3597,768
"321",10407,"臺北市","文山區萬祥里",1898,4917,4917,768,3477,672
"322",10407,"臺北市","文山區萬興里",3233,8891,8891,1631,6296,964
"323",10407,"臺北市","文山區萬有里",2172,5862,5862,985,4170,707
"324",10407,"臺北市","文山區興安里",2649,6869,6869,1055,4884,930
"325",10407,"臺北市","文山區興邦里",2063,4909,4909,613,3622,674
"326",10407,"臺北市","文山區興昌里",2789,7036,7036,1015,5179,842
"327",10407,"臺北市","文山區興得里",2381,6329,6329,941,4618,770
"328",10407,"臺北市","文山區興豐里",2002,5092,5092,769,3670,653
"329",10407,"臺北市","文山區興福里",2197,6404,6404,1261,4482,661
"330",10407,"臺北市","文山區興光里",1466,3668,3668,546,2665,457
"331",10407,"臺北市","文山區興家里",2829,7878,7878,1112,5993,773
"332",10407,"臺北市","文山區興泰里",1695,4104,4104,513,3033,558
"333",10407,"臺北市","文山區興旺里",3351,8627,8627,1301,6479,847
"334",10407,"臺北市","文山區興業里",2084,5597,5597,669,4078,850
"335",10407,"臺北市","文山區樟腳里",2076,5996,5996,1048,4361,587
"336",10407,"臺北市","文山區樟林里",3198,8966,8966,1371,6409,1186
"337",10407,"臺北市","文山區樟樹里",1824,5258,5258,910,3767,581
"338",10407,"臺北市","文山區樟文里",2346,6627,6627,1056,4825,746
"339",10407,"臺北市","文山區樟新里",2171,5958,5958,1044,4321,593
"340",10407,"臺北市","文山區政大里",2892,7907,7907,1849,5477,581
"341",10407,"臺北市","文山區指南里",1661,3944,3944,558,2924,462
"342",10407,"臺北市","文山區忠順里",1655,4070,4070,497,2988,585
"343",10407,"臺北市","信義區安康里",4335,11148,11148,2261,7572,1315
"344",10407,"臺北市","信義區大道里",2416,6428,6428,760,4730,938
"345",10407,"臺北市","信義區大仁里",1665,4216,4216,476,3009,731
"346",10407,"臺北市","信義區敦厚里",2294,5457,5457,697,3986,774
"347",10407,"臺北市","信義區富台里",2000,4604,4604,704,3336,564
"348",10407,"臺北市","信義區廣居里",3143,8472,8472,1519,5891,1062
"349",10407,"臺北市","信義區國業里",3023,8223,8223,1599,5565,1059
"350",10407,"臺北市","信義區惠安里",2631,6877,6877,862,5137,878
"351",10407,"臺北市","信義區嘉興里",1321,3341,3341,363,2462,516
"352",10407,"臺北市","信義區景聯里",1916,4806,4806,541,3516,749
"353",10407,"臺北市","信義區景勤里",1732,4360,4360,569,3090,701
"354",10407,"臺北市","信義區景新里",2200,5441,5441,821,3822,798
"355",10407,"臺北市","信義區黎安里",979,2217,2217,203,1496,518
"356",10407,"臺北市","信義區黎平里",2972,7392,7392,943,5438,1011
"357",10407,"臺北市","信義區黎順里",1746,4295,4295,461,3198,636
"358",10407,"臺北市","信義區黎忠里",1984,5066,5066,628,3719,719
"359",10407,"臺北市","信義區六合里",2841,7160,7160,823,5299,1038
"360",10407,"臺北市","信義區六藝里",1395,4026,4026,685,2832,509
"361",10407,"臺北市","信義區三犁里",2139,5457,5457,686,3926,845
"362",10407,"臺北市","信義區三張里",3646,9388,9388,1202,6679,1507
"363",10407,"臺北市","信義區雙和里",2939,7575,7575,1062,5509,1004
"364",10407,"臺北市","信義區四維里",2182,5531,5531,558,4205,768
"365",10407,"臺北市","信義區四育里",2171,5867,5867,638,4391,838
"366",10407,"臺北市","信義區松光里",2080,5105,5105,552,3627,926
"367",10407,"臺北市","信義區松隆里",876,2368,2368,253,1770,345
"368",10407,"臺北市","信義區松友里",2562,7279,7279,1283,5082,914
"369",10407,"臺北市","信義區泰和里",3127,8403,8403,1165,6222,1016
"370",10407,"臺北市","信義區五常里",1486,3949,3949,518,2892,539
"371",10407,"臺北市","信義區五全里",2014,5226,5226,610,3836,780
"372",10407,"臺北市","信義區西村里",2966,6182,6182,724,4352,1106
"373",10407,"臺北市","信義區新仁里",1440,3709,3709,578,2568,563
"374",10407,"臺北市","信義區興隆里",1256,3037,3037,443,2036,558
"375",10407,"臺北市","信義區興雅里",2468,6078,6078,804,4220,1054
"376",10407,"臺北市","信義區雅祥里",2049,5182,5182,719,3814,649
"377",10407,"臺北市","信義區永春里",1984,5150,5150,634,3754,762
"378",10407,"臺北市","信義區永吉里",1440,4308,4308,567,3271,470
"379",10407,"臺北市","信義區長春里",1680,4357,4357,480,3223,654
"380",10407,"臺北市","信義區正和里",1911,4950,4950,801,3371,778
"381",10407,"臺北市","信義區中坡里",1697,4716,4716,590,3459,667
"382",10407,"臺北市","信義區中行里",2973,8456,8456,1125,6316,1015
"383",10407,"臺北市","信義區中興里",1705,3578,3578,523,2507,548
"384",10407,"臺北市","中山區北安里",1054,2889,2889,444,2081,364
"385",10407,"臺北市","中山區成功里",2977,7114,7114,1521,4937,656
"386",10407,"臺北市","中山區大佳里",424,1127,1127,158,813,156
"387",10407,"臺北市","中山區大直里",3698,10225,10225,1925,6961,1339
"388",10407,"臺北市","中山區復華里",2113,4827,4827,693,3430,704
"389",10407,"臺北市","中山區恆安里",2503,4912,4912,634,3683,595
"390",10407,"臺北市","中山區集英里",3223,7440,7440,1191,5306,943
"391",10407,"臺北市","中山區劍潭里",1442,3921,3921,549,2713,659
"392",10407,"臺北市","中山區江寧里",2804,7110,7110,927,5166,1017
"393",10407,"臺北市","中山區江山里",3089,7818,7818,1024,5555,1239
"394",10407,"臺北市","中山區金泰里",3357,7860,7860,1616,5572,672
"395",10407,"臺北市","中山區聚盛里",2372,4247,4247,430,3280,537
"396",10407,"臺北市","中山區聚葉里",1936,3990,3990,442,2928,620
"397",10407,"臺北市","中山區康樂里",1503,2721,2721,281,2074,366
"398",10407,"臺北市","中山區力行里",2646,6138,6138,735,4392,1011
"399",10407,"臺北市","中山區龍洲里",2115,5152,5152,539,3828,785
"400",10407,"臺北市","中山區民安里",2138,4807,4807,552,3408,847
"401",10407,"臺北市","中山區埤頭里",1572,3545,3545,406,2547,592
"402",10407,"臺北市","中山區晴光里",2826,5399,5399,583,4082,734
"403",10407,"臺北市","中山區松江里",2651,6940,6940,1054,4865,1021
"404",10407,"臺北市","中山區下埤里",2969,7811,7811,925,5888,998
"405",10407,"臺北市","中山區新福里",2155,5247,5247,656,3860,731
"406",10407,"臺北市","中山區新生里",2149,5158,5158,616,3782,760
"407",10407,"臺北市","中山區新喜里",2153,5571,5571,743,4179,649
"408",10407,"臺北市","中山區新庄里",2186,5216,5216,661,3886,669
"409",10407,"臺北市","中山區行仁里",3044,8499,8499,1114,6314,1071
"410",10407,"臺北市","中山區行孝里",1576,4228,4228,535,3238,455
"411",10407,"臺北市","中山區行政里",3903,7740,7740,663,5935,1142
"412",10407,"臺北市","中山區興亞里",2415,5423,5423,623,3970,830
"413",10407,"臺北市","中山區永安里",3849,10081,10081,1867,7112,1102
"414",10407,"臺北市","中山區圓山里",1948,4446,4446,585,3275,586
"415",10407,"臺北市","中山區正得里",1972,3780,3780,384,2824,572
"416",10407,"臺北市","中山區正守里",1401,3318,3318,387,2428,503
"417",10407,"臺北市","中山區正義里",2679,5393,5393,615,4106,672
"418",10407,"臺北市","中山區中吉里",2320,5865,5865,933,4076,856
"419",10407,"臺北市","中山區中山里",3523,6452,6452,636,5010,806
"420",10407,"臺北市","中山區中央里",1560,3879,3879,648,2670,561
"421",10407,"臺北市","中山區中原里",2190,5193,5193,688,3720,785
"422",10407,"臺北市","中山區中庄里",2288,5286,5286,597,3841,848
"423",10407,"臺北市","中山區朱馥里",2515,6237,6237,948,4441,848
"424",10407,"臺北市","中山區朱崙里",1340,2985,2985,403,2143,439
"425",10407,"臺北市","中山區朱園里",2182,4688,4688,554,3469,665
"426",10407,"臺北市","中正區愛國里",1376,3664,3664,813,2390,461
"427",10407,"臺北市","中正區板溪里",1519,3502,3502,419,2503,580
"428",10407,"臺北市","中正區頂東里",2806,6328,6328,740,4528,1060
"429",10407,"臺北市","中正區東門里",1780,4453,4453,841,3020,592
"430",10407,"臺北市","中正區富水里",1045,2677,2677,436,1890,351
"431",10407,"臺北市","中正區光復里",1840,4181,4181,810,2843,528
"432",10407,"臺北市","中正區河堤里",1998,4771,4771,495,3451,825
"433",10407,"臺北市","中正區建國里",676,1781,1781,509,1098,174
"434",10407,"臺北市","中正區黎明里",1666,3625,3625,744,2440,441
"435",10407,"臺北市","中正區林興里",2093,4959,4959,757,3462,740
"436",10407,"臺北市","中正區龍福里",3501,8156,8156,1765,5233,1158
"437",10407,"臺北市","中正區龍光里",1404,3992,3992,1037,2459,496
"438",10407,"臺北市","中正區龍興里",1606,4526,4526,1194,2878,454
"439",10407,"臺北市","中正區梅花里",1438,3351,3351,424,2326,601
"440",10407,"臺北市","中正區南福里",4400,11273,11273,2521,7527,1225
"441",10407,"臺北市","中正區南門里",1106,3067,3067,672,1944,451
"442",10407,"臺北市","中正區三愛里",3425,8855,8855,1483,5887,1485
"443",10407,"臺北市","中正區廈安里",1792,4890,4890,1267,3183,440
"444",10407,"臺北市","中正區水源里",1394,3107,3107,390,2162,555
"445",10407,"臺北市","中正區網溪里",2480,5995,5995,747,4316,932
"446",10407,"臺北市","中正區文北里",2259,5768,5768,890,3873,1005
"447",10407,"臺北市","中正區文盛里",1162,2692,2692,332,1873,487
"448",10407,"臺北市","中正區文祥里",3088,8485,8485,1869,5614,1002
"449",10407,"臺北市","中正區新營里",3595,10263,10263,2678,6574,1011
"450",10407,"臺北市","中正區幸福里",2018,4969,4969,880,3397,692
"451",10407,"臺北市","中正區幸市里",1937,4696,4696,585,3254,857
"452",10407,"臺北市","中正區螢圃里",2398,5687,5687,664,4045,978
"453",10407,"臺北市","中正區螢雪里",1813,4594,4594,494,3385,715
"454",10407,"臺北市","中正區永昌里",2072,5209,5209,540,3804,865
"455",10407,"臺北市","中正區永功里",2581,6717,6717,1116,4678,923
"456",10407,"臺北市","中正區忠勤里",3040,6935,6935,751,5095,1089
