Park_No,District_Name,Li_Name,Park_Name,Location,Land area(Ping),WGS84_X,WGS84_Y,TWD97_X
松20公,松山區,復盛里,復盛公園(前名捐地公園),市民大道五段99號、八德路4段106巷,8136,121.561467,25.047484,306651.5594
松374公,松山區,安平里,安平公園,南京東路5段251巷32弄8號旁,468,121.564491,25.053021,306956.0859
松307公,松山區,鵬程里,鵬程公園,健康路325巷 6弄底,4045,121.568667,25.055519,307376.2466
松238公,松山區,民有里,民有三號公園,民生東路3段127巷14號前,1108,121.547616,25.058622,305250.8856
松237公,松山區,民有里,民有二號公園,民生東路3段113巷14號前,938,121.546315,25.059641,305119.1255
松236公,松山區,民有里,民有一號公園,敦化北路244巷31號前,1542,121.547396,25.060772,305227.6849
松230公,松山區,敦化里,敦化公園,八德路3段12巷52弄2之1號旁,1810,121.550485,25.046408,305545.8083
松167公,松山區,吉祥里,吉祥公園,八德路4段245巷52弄至56弄間,1873,121.564049,25.050533,306912.623
松162公,松山區,復源里,復源公園,光復南路22巷至32巷間,1724,121.554478,25.046492,305948.6685
松160公,松山區,吉仁里,吉仁公園,八德路3段、延吉街口,997,121.553482,25.047813,305847.6313
松159公,松山區,美仁里,美仁二號公園,八德路3段99巷12~18號前,1343,121.553422,25.049495,305840.8106
松158公,松山區,美仁里,美仁一號公園,南京東路4段52巷14號前,1499,121.553459,25.050147,305844.2185
松157公,松山區,復勢里,寧安公園,寧安街50巷、育達商職第二校區前,2856,121.554872,25.050354,305986.7159
松146公,松山區,中崙里,八德公園,八德路2段366巷21之1號前,1520,121.545711,25.04693,305063.8877
松145公,松山區,中正里,敦中公園,敦化北路4巷31號旁,2421,121.54589,25.049901,305080.6434
松135公,松山區,安平里,寶清公園,寶清街85號對面,2970,121.56764,25.052124,307274.2331
松134公,松山區,安平里,西松公園,三民路、健康路口,2873,121.564127,25.053686,306919.0282
松133公,松山區,安平里,健康公園,健康路、松山變電所旁,1957,121.568873,25.054121,307397.7216
松131公,松山區,新東里,新東公園,民生東路5段、撫遠街口,3180,121.568367,25.058797,307344.4419
松128公,松山區,東光里,長壽公園,健康路174號旁,3505,121.558924,25.053366,306394.2177
松127公,松山區,中華里,中華公園,健康路15巷口,2000,121.544274,25.055354,305744.1093
松126公,松山區,龍田里,婦聯公園,延壽街330巷20弄,5080,121.559734,25.054694,306475.2976
松119公,松山區,東榮里,富錦一號公園,民生東路5段85號旁,2430,121.55903,25.058893,306402.2984
松118公,松山區,東榮里,富錦二號公園,民生東路5段69巷2弄27號旁,2340,121.559624,25.059613,306461.9616
松117公,松山區,東榮里,新中公園,新中街、富錦街口,3170,121.560868,25.06052,306587.0629
松106公,松山區,精忠里,精忠公園,民生東路4段97巷6弄2號旁,720,121.552165,25.059342,305709.5119
松116公,松山區,東榮里,富錦三號公園,民生東路5段69巷4弄11號旁、富錦街374號,2280,121.558902,25.060236,306388.8347
松115公,松山區,介壽里,延壽一號公園,光復北路165巷17號前,1300,121.556351,25.057628,306132.6374
投195公,北投區,稻香里,稻香公園,新興路72號對面,839,121.488578,25.140951,299261.2059
松113公,松山區,中正里,慶城公園,慶城街16巷、南京東路3段303巷,5390,121.546392,25.053274,305129.7317
松112公,松山區,精忠里,延壽三號公園,敦化北路199巷5號前,1730,121.551796,25.05687,305673.4259
松110公,松山區,精忠里,延壽二號公園,民生東路四段56巷3弄20號前,1350,121.552756,25.05735,305770.0649
松109公,松山區,精忠里,富錦六號公園,民生東路四段105號旁,1000,121.552896,25.058208,305783.7666
松108公,松山區,精忠里,富錦五號公園,民生東路4段97巷4弄20號旁,980,121.553544,25.058847,305848.8524
松100公,松山區,莊敬里,撫遠公園,撫遠街367巷至389巷底,8320,121.566949,25.064452,307198.7607
松104公,松山區,精忠里,敦北公園,敦化北路、民權東路口,8420,121.5516,25.0612,305649.7515
222公,信義區,黎忠里,黎忠公園,和平東路3段435巷7弄,1014,121.559366,25.019077,306454.4652
291公,信義區,黎平里,黎富公園,富陽街92號前,900,121.556699,25.021012,306184.4539
224公,信義區,雙和里,黎雙公園,吳興街284巷22弄(北醫 南側),2176,121.56347,25.024982,306866.1514
223公,信義區,景勤里,三興公園,吳興街156巷40弄與吳興街118巷間,3306,121.559552,25.028579,306468.8963
322公,信義區,泰和里,泰和公園,吳興街583巷與600巷67弄間,1422,121.568199,25.023138,307344.0634
314綠,信義區,三犁里,三犁公園,信義路5段150巷14弄旁,3372,121.570025,25.029776,307525.2491
370公,信義區,三張里,三張里公園,松平路77號旁,6658,121.566729,25.030934,307192.1272
346公,信義區,惠安里,惠安公園,吳興街320巷65號前,9227,121.564622,25.024553,306982.3682
321公,信義區,惠安里,吳興公園,吳興街432巷114號,1176,121.567941,25.02329,307318.0094
371公,信義區,景新里,景平公園,莊敬路289巷口,1609,121.563944,25.029889,306911.4907
181公,信義區,中坡里,福德公園,福德街與大道路口,1290,121.581846,25.03824,308714.1975
176公,信義區,松光里,林口公園,松山路515巷,2117,121.578949,25.039063,308421.4242
180公,信義區,松光里,春光公園,忠孝東路5段、林口街口,4241,121.580743,25.042225,308601.0375
315公,信義區,松友里,虎林公園,信義路6段76巷8弄與松德路307巷,9547,121.577287,25.031476,308257.347
179公,信義區,松友里,松友公園,信義路6段76巷2弄,2196,121.576155,25.033911,308142.0004
174公,信義區,永春里,永春公園,忠孝東路5段703巷1弄與松山路393巷,1172,121.57912,25.042302,308437.1864
171公,信義區,四育里,四育公園,虎林街50巷與永吉路321巷邊,1766,121.575136,25.046757,308033.0991
173公,信義區,永吉里,五分埔公園(前名中坡公園),中坡北路、松隆路口(松山車站前),8444,121.580099,25.046938,308533.7764
172公,信義區,五全里,永吉公園,永吉路278巷57弄內,2200,121.575038,25.043587,308024.6628
308公,信義區,五常里,五常公園,松隆路272號與永吉路225巷邊,6942,121.574336,25.047689,307951.9626
227公,信義區,雅祥里,雅祥公園,松信路與基隆路1段35巷7弄邊,3065,121.571826,25.047569,307698.6836
309公,信義區,雅祥里,福祥公園,永吉路127巷與松隆路99號邊,835,121.570496,25.04604,307565.2094
367公,信義區,安康里,中全公園,虎林街164巷與松德路邊,5060,121.574895,25.038586,308012.5822
310公,信義區,安康里,念儒公園,忠孝東路5段236巷37弄底,777,121.573765,25.037718,307898.976
178公,信義區,安康里,安強公園,虎林街202巷66弄,1090,121.575339,25.036691,308058.2538
168公,信義區,敦厚里,革新公園,松隆路19-33號旁,1585,121.567371,25.043826,307250.8753
169公,信義區,興雅里,富生公園,永吉路30巷167弄底,6907,121.569851,25.042091,307502.0019
166公,信義區,中興里,中興公園,基隆路1段380巷與光復南路473巷旁,2453,121.559247,25.034266,306435.5141
安407公,大安區,昌隆里,昌隆公園,市民大道與建國南路交叉口,3807,121.535705,25.043756,304399.9624
安148公,大安區,光武里,_公公園,復興南路1段135巷與大安路1段路口,1416,121.545724,25.042409,305067.2475
安362公綠,大安區,錦安里,錦安公園,金山南路2段203巷及麗水街口,1246,121.527953,25.027977,303280.2337
安282公,大安區,仁慈里,仁慈公園,大安路1段224巷口,1090,121.545707,25.034125,305069.1729
安58公,大安區,古莊里,師大公園,師大路上,4802,121.528373,25.024596,303324.0753
安190公,大安區,龍坡里,泰順公園,泰順街27巷旁,1386,121.531637,25.024617,303653.4061
安191公,大安區,龍坡里,辛亥一號公園,溫州街30巷14號,769,121.532661,25.022711,303757.5961
安67公,大安區,福住里,永康公園,永康街8號,1800,121.529715,25.031618,303456.4713
安285公,大安區,錦泰里,金山公園,金山南路2段92巷,1161,121.524899,25.031127,302970.6066
安318公,大安區,學府里,公館公園,羅斯福路4段113巷內,1096,121.534915,25.0135,304558.9558
安188公,大安區,古莊里,古莊公園,師大路92巷內,2466,121.528214,25.022733,303219.4207
安192公,大安區,大學里,大學公園,辛亥路1段溫州街口,1098,121.532897,25.02191,303781.7426
安210公,大安區,龍淵里,敦親公園,和平東路2段96巷底,1593,121.540905,25.022655,304589.6544
安209公,大安區,龍淵里,和平公園,和平東路2段118巷6弄,1760,121.542522,25.023492,304752.4915
安286公綠,大安區,龍門里,龍門公園,建國南路2段308巷,1395,121.536681,25.024263,304162.6072
安156公,大安區,德安里,德安公園,四維路52巷,1617,121.547775,25.03488,305277.493
安152公,大安區,和安里,附中公園,信義路3段147巷內,2369,121.54226,25.036344,304720.326
安154公,大安區,和安里,安祥公園,信義路3段157巷10弄,1598,121.542728,25.03454,304768.3271
安66公,大安區,民炤里,民榮公園,新生南路1段157巷19號,2896,121.535695,25.035397,304058.2578
安394公,大安區,民輝里,寧馨公園,八德路2段台北科大北側,2080,121.533488,25.044351,303981.6065
安65公,大安區,民輝里,民輝公園,仁愛路3段5巷3弄18號,1397,121.535057,25.039508,303992.0692
安147公,大安區,誠安里,大安公園,安東街52號邊,2913,121.542809,25.042761,304772.9345
安344公,大安區,華聲里,延吉公園,延吉街131巷,2284,121.555773,25.042573,306081.2023
安283公,大安區,誠安里,誠安公園,忠孝東路3段237巷,1816,121.540907,25.042493,304581.1244
安221公,大安區,黎孝里,黎孝公園,和平東路3段308巷15弄,1014,121.55599,25.019757,306111.547
安299公,大安區,黎元里,青峰公園,辛亥路3段239號邊,2105,121.551411,25.015703,305653.0774
安298公,大安區,黎元里,臥龍公園,_龍街188巷辛亥路3段交叉口,3133,121.549891,25.0167,305499.2845
安218公,大安區,芳和里,嘉興公園,樂業街與嘉興街口,6330,121.551953,25.021367,305705.2195
安213公,大安區,虎嘯里,虎嘯公園,敦化南路2段319號旁,2019,121.549283,25.022531,305435.273
安289公,大安區,群賢里,鳳雛公園,敦化南路2段126號旁,1334,121.548168,25.026456,305321.0042
安208公,大安區,群賢里,群賢公園,和平東路2段311巷43弄,869,121.546567,25.025397,305159.8676
安217公,大安區,全安里,全安公園,和平東路3段119巷15號對面,1575,121.551215,25.025463,305628.9128
安214公,大安區,通化里,通化公園,文昌街與通化街口,1180,121.554559,25.032156,305963.4082
安219公,大安區,臨江里,臨江公園,基隆路2段132巷13號,1358,121.555743,25.028159,306084.6561
安212公,大安區,義安里,居安公園,敦化南路2段81巷口右側,2089,121.549334,25.029678,305437.1821
安211公,大安區,義安里,平安公園,敦化南路2段37巷旁,1614,121.549321,25.031956,305434.898
安216公,大安區,法治里,法治公園,通化街184巷口,1763,121.552923,25.026909,305800.6944
安164公,大安區,敦煌里,敦安公園,信義路4段265巷12弄,2820,121.553696,25.034456,305875.2238
安345公綠,大安區,光信里,光信公園,延吉街241號,1211,121.555798,25.035555,306086.8308
安204公,大安區,龍生里,龍生公園,和平東路2段175巷,1281,121.541404,25.026007,304638.5399
安202公,大安區,龍生里,瑞安公園,瑞安街155巷口,742,121.539349,25.026131,304431.1366
安228公,大安區,龍陣里,龍陣二號公園,瑞安街61巷,2056,121.542491,25.029238,304746.769
安203公,大安區,龍陣里,龍陣一號公園,復興南路2段180巷15弄,1451,121.542536,25.027588,304752.0544
安198公,大安區,龍雲里,四維公園,瑞安街23巷24弄,3097,121.545327,25.030627,305032.4085
安201公,大安區,新龍里,新龍公園,瑞安街222巷,2255,121.540159,25.02765,304512.1646
安229公,大安區,龍雲里,安東公園,復興南路2段125巷20弄,1630,121.544823,25.028926,304982.2564
安199公,大安區,龍圖里,龍圖公園,復興南路2段78巷42弄,1234,121.541595,25.030485,304655.8198
安196公,大安區,大學里,溫州公園,羅斯福路3段283巷與新生南路3段86巷交叉口,1287,121.531336,25.018797,303625.6163
安155公,大安區,仁慈里,和安公園,復興南路1段313巷,1541,121.544483,25.034511,304945.5336
安153公,大安區,仁慈里,東豐公園,復興南路1段279巷,1421,121.544863,25.035776,304983.2426
安194公,大安區,古風里,古風公園,龍泉街93巷（龍泉市場裡面）,233,121.529049,25.021974,303393.4158
安151公,大安區,德安里,仁愛公園,大安路1段169號,1390,121.546237,25.036619,305121.5425
中242,中山區,北安里,敬業公園,北安路821巷4弄,2153,121.556307,25.085536,306055
中406,中山區,大佳里,大佳社區公園,濱江街154巷對面（高速公路旁）,1001,121.537663,25.072747,304240.3841
中378,中山區,埤頭里,進安公園,八德路二段146巷內,2163,121.537467,25.045874,304232.516
中102,中山區,集英里,集英公園,中山北路三段36巷14弄,1890,121.5219,25.064536,302606.0006
中30,中山區,聚葉里,新興公園,中山北路二段137巷內,1630,121.524652,25.061518,302932.6923
中86,中山區,聚葉里,聚葉公園,新生北路二段與錦州街交口(錦州橋下),649,121.526305,25.053016,303193.4942
中142,中山區,正守里,正守公園,長安東路一段56巷,824,121.527237,25.060449,303343.5799
中27,中山區,集英里,民享公園,民生西路45巷9弄內,1610,121.521112,25.059227,302576.4976
中26,中山區,集英里,永靜公園,中山北路二段128巷內,1850,121.521781,25.061559,302642.9525
中24,中山區,集英里,撫順公園,中山北路三段大同公司前,2007,121.522104,25.064832,302662
中38,中山區,中央里,四平公園,松江路123巷內,2845,121.53451,25.053228,303930.8951
中39,中山區,朱園里,伊通公園,松江路85巷內,4715,121.53477,25.050155,303958.4238
中36,中山區,興亞里,松江公園,松江路90巷,1804,121.532462,25.050365,303725.5159
中37,中山區,興亞里,興亞公園,長安東路二段36巷內,875,121.531597,25.04738,303639.5381
中34,中山區,興亞里,吉林公園,吉林路14巷內,1579,121.528934,25.050825,303369.3507
中91,中山區,中原里,仁德公園,吉林路108巷吉林國小附近,1881,121.52908,25.053176,303383.0116
中35,中山區,中吉里,一江公園,一江街31號對面,2330,121.531263,25.053282,303603.2113
中89,中山區,中吉里,中吉公園,松江路170巷內,2970,121.531838,25.056359,303659.885
中90,中山區,中原里,中原公園,中原街與吉林路144巷交口處,2273,121.528586,25.055811,303332.0018
中85,中山區,新生里,錦州公園,錦州街138號對面,2690,121.52932,25.060617,303404.0591
中88,中山區,中庄里,松錦2號公園,民生東路二段115巷25弄,1390,121.532375,25.060078,303712.5026
同18公,大同區,玉泉里,塔城公園,塔城街7號旁,3078,121.510803,25.05072,301538.0961
中87,中山區,中庄里,松錦1號公園,民生東路二段127巷,906,121.532375,25.060078,303682.8423
中320,中山區,松江里,錦北公園,錦州街275號旁,1359,121.535833,25.060485,304061.1551
中84,中山區,新福里,新壽公園,吉林路301號對面,1215,121.529916,25.063311,303462.956
中234,中山區,行政里,農安公園,農安街227巷3弄底,1333,121.535259,25.065281,304001.1389
中81,中山區,新庄里,新祿公園,新生北路三段87巷內,1312,121.529647,25.067157,303434.208
中83,中山區,新喜里,新喜公園,吉林路393巷內,2903,121.532185,25.065432,303691.0033
中82,中山區,新喜里,德惠公園,吉林路461巷內,1360,121.53156,25.067489,303627.0231
中32,中山區,中山里,中安公園,中山北路二段65巷2弄內,2000,121.523989,25.056488,302867.8926
中31,中山區,聚盛里,永盛公園,"中山北路二段93巷26,40號間",4125,121.524802,25.05903,302948.839
中29,中山區,恆安里,晴光公園,"雙城街7,13及10巷口",2740,121.524571,25.0639,302923.4248
中28,中山區,圓山里,雙城公園,"雙城街40,46及37,43巷口",3200,121.524022,25.067309,302866.6207
中48,中山區,朱崙里,朱厝崙公園,龍江路21巷內,1557,121.541056,25.047551,304593.9204
中43,中山區,朱崙里,建興公園,八德路二段167巷內,804,121.538183,25.047149,304304.1688
中46,中山區,復華里,興國公園,遼寧街116巷旁,1054,121.541221,25.053049,304675.5236
中45,中山區,復華里,遼寧公園,遼寧街185巷口,2065,121.542314,25.053601,304718.1132
中41,中山區,朱馥里,朱昌公園,合江街58巷口,2637,121.538815,25.055459,304364.2813
中42,中山區,復華里,復華公園,龍江路114巷內,2176,121.53968,25.053126,304452.5433
中44,中山區,朱馥里,興安公園,遼寧街170巷,3903,121.541777,25.055676,304663.0058
中94,中山區,江山里,合江公園,合江街73巷口,333,121.539475,25.058659,304429.495
中92,中山區,江寧里,江寧公園,龍江路286巷,1230,121.539415,25.061231,304422.287
中93,中山區,江山里,龍江公園,龍江路271巷,2200,121.542157,25.059817,304699.5116
中47,中山區,力行里,朱崙公園,龍江路45巷內,2423,121.541686,25.049339,304656.6919
中235,中山區,下埤里,下埤公園,民族東路512巷內,2055,121.542285,25.067009,304709.2491
中431,中山區,金泰里,中431公園,基湖路151巷46弄對面,2830,121.565215,25.0774,307017.7708
中430,中山區,金泰里,中430公園,基湖路120巷30弄1至7號對面,2702,121.562084,25.078291,306701.502
中429,中山區,成功里,中429公園,樂群二路116巷旁,2038,121.55578,25.079789,306062.4581
中428,中山區,成功里,中428公園,樂群二路30巷內,1216,121.553346,25.078884,305838.0467
中427,中山區,成功里,中427公園,敬業三路與樂群二路交會口,3395,121.555989,25.080327,306085.7998
中376,中山區,成功里,永直公園,北安路608巷14弄1號,3358,121.550529,25.081474,305534.4363
中392,中山區,劍潭里,力行三號公園,通北街146巷及118巷口,5851,121.536685,25.085431,304136.1768
中388,中山區,大直里,自強公園,大直街124巷內,6892,121.549376,25.086527,305355.9331
中96,中山區,大直里,直安公園,北安路573巷內,550,121.547847,25.081198,305264.0679
中97,中山區,永安里,永安公園,北安路518巷14弄內,1165,121.545213,25.079115,304999.205
中259,中山區,大直里,大直公園,北安路621巷30號邊,797,121.547285,25.082711,305206.6298
中364,中山區,大直里,培英公園,北安路501巷實踐大學前,8622,121.544975,25.082272,304973.7886
61,中正區,幸市里,忠孝公園,忠孝東路2段134巷2號,1320,121.532017,25.041826,303684.2828
197,中正區,文盛里,文盛公園,羅斯福路三段284巷口,734,121.532124,25.016171,303706.2394
186,中正區,南福里,南昌公園,南昌路、和平西路口,4413,121.520197,25.026824,302502.9339
184,中正區,永昌里,永昌公園,寧波西街181巷30號前,1622,121.509965,25.026233,301465.5552
141,中正區,黎明里,黎明公園,南陽街38巷5號前,465,121.515558,25.044144,302022.4686
64,中正區,三愛里,連雲公園,連雲街37巷內,2009,121.531822,25.03521,303667.512
63,中正區,三愛里,信愛公園,臨沂街75巷9弄4號前,901,121.528756,25.034911,303358.2543
62,中正區,幸市里,文光公園,仁愛路二段65巷1弄,2252,121.530853,25.039043,303568.074
60,中正區,幸福里,齊東公園,齊東街66號前,1061,121.5283,25.04175,303309.2493
57,中正區,網溪里,牯嶺公園,牯嶺街141號前,3242,121.518679,25.023115,302346.2861
中正397,中正區,螢圃里,螢橋公園,和平西路1段116號,515,121.517249,25.02672,302200.4667
同17公,大同區,大有里,大稻埕公園,歸綏街241號旁,3827,121.510369,25.058661,301492.8016
同20公,大同區,朝陽里,朝陽公園,重慶北路2段64巷旁,4903,121.50876,25.057892,301784.0178
同19公,大同區,延平里,歸綏公園,重慶北路2段與歸綏街口,2849,121.51309,25.057973,301767.5984
同16公,大同區,大有里,忠和公園,歸綏街250巷,849,121.508614,25.057877,301316.0692
同73公,大同區,隆和里,景化公園,伊寧街9巷,1940,121.512742,25.065357,301729.4451
同75公,大同區,國慶里,大同公園,延平北路3段99巷,2141,121.512004,25.067982,301653.8843
同76公,大同區,鄰江里,迪化公園,迪化街2段288號之1對面,1676,121.512013,25.071106,301653.8843
同80公,大同區,雙連里,蔣渭水公園,錦西街170之1號旁,5060,121.516775,25.059709,302138.6511
同79公,大同區,民權里,德鄰公園,民權西路184巷11弄,1627,121.514731,25.061934,301931.5624
同74公,大同區,蓬萊里,蘭州公園,蘭州街89巷,2200,121.51538,25.063963,301996.1216
同78公,大同區,斯文里,樹德公園,大龍街、大同區行政大樓旁,4549,121.516278,25.066798,302085.5582
同77公,大同區,至聖里,大龍公園,大龍街244號旁,2313,121.51558,25.070239,302013.7166
同375公,大同區,至聖里,至聖公園,承德路3段210號,609,121.517691,25.071189,302226.2656
同361公,大同區,重慶里,哈密公園,哈密街59巷,935,121.515455,25.076553,302009.9505
萬403,萬華區,糖蔀里,糖_文化園區,大理街160巷旁,6650,121.497215,25.032653,299903.6904
萬409,萬華區,壽德里,壽德公園,萬青街118巷旁,989,121.501138,25.024429,300575.4988
萬407,萬華區,錦德里,錦德公園,德昌街與西園路二段281巷交叉口,1911,121.492359,25.023303,299689.9314
萬372,萬華區,華江里,長順公園,長順街46巷旁,537,121.489027,25.031851,299350.2582
萬405,萬華區,青山里,青山公園,華西街8號旁,780,121.498312,25.03937,300284.1474
萬410,萬華區,保德里,保德公園,東園街154巷旁,1082,121.497465,25.022786,300205.4879
萬182,萬華區,榮德里,東園公園,萬大路424巷及486巷68弄之間,579,121.495249,25.020948,299982.5894
萬183,萬華區,日善里,西園公園,東園街67巷及73巷之間(西園國小面對),1300,121.496539,25.026391,300242.478
萬273,萬華區,糖蔀里,聚德公園,大理街175巷及和平西路3段286巷1弄之間,510,121.494717,25.034887,299921.7865
萬269,萬華區,華江里,華江七號公園,和平西路3段302巷1號,540,121.493397,25.034985,299790.0125
萬274,萬華區,糖蔀里,糖_公園,大理街175巷內,450,121.494545,25.03346,299915.8347
萬270,萬華區,華江里,華江八號公園,環河南路2段202_218號之間,1260,121.492684,25.034064,299718.4538
萬268,萬華區,綠堤里,綠堤公園,環河南路2段159巷邊,1260,121.492902,25.033209,299740.7403
萬267,萬華區,糖蔀里,大理公園,環河南路2段125巷口,1230,121.493662,25.034144,299817.11
萬272,萬華區,柳鄉里,華江二號公園,環河南路2段154、156、158巷間,350,121.491508,25.035801,299863.522
萬271,萬華區,柳鄉里,華江一號公園,和平西路3段309巷與環河南路二段158巷間,298,121.494113,25.035892,299791.6027
萬363,萬華區,柳鄉里,柳鄉公園,環河南路2段100巷內,1000,121.495437,25.03726,299994.8875
萬50,萬華區,青山里,華西公園,華西街21巷邊(桂林路與華西街口),1097,121.498664,25.038665,300319.9852
萬136,萬華區,青山里,桂林公園,桂林路底(立人高中旁),1765,121.496822,25.038905,300134.0082
萬54,萬華區,福音里,老松公園,桂林路與永福街之間(老松國小對面),2130,121.502738,25.038517,300731.2165
萬52,萬華區,富福里,寺前公園,西園路1段282-2號(萬華火車站新站旁),472,121.499206,25.033544,300376.743
萬399,萬華區,福星里,福星公園,昆明街漢口街口,1355,121.505907,25.046067,301047.8693
萬49,萬華區,菜園里,長沙公園,環河南路1段與長沙街2段口,1782,121.499923,25.041503,300445.8681
文景27公,文山區,興旺里,福興公園,福興路63巷4號,2195,121.548165,25.004001,305330.7676
文景26公,文山區,興旺里,興旺公園,福興路82巷內,2847,121.55046,25.00584,305561.592
文景25,文山區,興豐里,興豐公園,興隆路2段123號旁,1659,121.551266,25.000192,305261.0372
文景24公,文山區,興安里,仙岩公園,仙岩路16巷39弄口,6620,121.549365,24.997967,305454.532
文景23公,文山區,興福里,興福公園,景華街121巷底,2540,121.545971,24.997116,305112.372
文景20公,文山區,興豐里,景豐公園,興隆路1段251巷3弄,3476,121.545046,25.000133,305017.6608
文景18,文山區,萬有里,萬有三號公園,景隆街107號前,608,121.5431,24.998722,304821.8662
文景17,文山區,萬有里,萬有一號公園,興隆路1段202巷,3241,121.542947,24.999831,304805.892
文景16,文山區,萬有里,萬有二號公園,景明街11巷6弄8號前,4521,121.541902,25.000706,304700.038
文景15,文山區,萬盛里,萬盛公園,萬盛街130巷口,1683,121.541059,25.005149,304612.9775
文景14,文山區,萬年里,萬年三號公園,汀州路4段105巷口,1842,121.536933,25.007041,304195.6605
文景13,文山區,萬年里,萬年二號公園,汀州路4段122至146號對面,2949,121.536198,25.0057,304122.0525
文景12,文山區,萬年里,萬年一號公園,汀州路4段122至146號對面,2949,121.536198,25.0057,304122.0525
文景11公,文山區,萬和里,萬和三號公園,羅斯福路5段192巷33號至218巷2號對面,5977,121.536343,25.003814,304155.902
文景10,文山區,萬和里,萬和二號公園,萬隆街72至80號對面,2958,121.536539,25.001492,304158.342
文景9,文山區,萬和里,萬和一號公園,萬隆街1至71號對面,1857,121.536321,25.000485,304136.735
文景5公,文山區,景仁里,景仁公園,羅斯福路6段142巷20弄,1411,121.5401,24.996667,304519.9191
文景4公,文山區,景仁里,景福公園,溪口街36巷內,349,121.540316,24.995682,304542.1631
文景3公,文山區,景行里,景行公園,景中街景美國中對面,3309,121.542781,24.992516,304792.4108
文木82,文山區,明義里,明義公園,興隆路4段101巷口,803,121.560982,24.98807,306631.7682
文木71公,文山區,樟新里,樟新公園,一壽街49之3號,2294,121.556954,24.979192,306229.1402
文木70公,文山區,樟腳里,恆光公園,木新路2段211巷10弄8號前,1140,121.567588,24.98241,307301.2748
文木69公,文山區,木新里,新榮公園,木新路2段111巷底,2000,121.570217,24.983329,307566.2441
文木65,文山區,樟林里,光明公園,下崙路與光輝路口,980,121.55471,24.986469,305999.3824
文木45公,文山區,萬芳里,萬芳六號公園,萬芳路與萬和街口,3873,121.569177,24.999496,307453.8172
文木41公,文山區,萬美里,萬芳三號公園,萬芳路與萬利街口,1022,121.567103,24.999247,307244.5704
文木40公,文山區,萬美里,萬芳二號公園,萬芳路與萬利街口,355,121.566767,24.999203,307210.6248
文木39公,文山區,萬美里,萬芳一號公園,萬利街4號邊,1212,121.566725,24.999862,307206.0708
文木38公,文山區,萬美里,萬芳十四號公園,萬利街33號邊,973,121.565329,25.000323,307064.9333
文木37公,文山區,萬美里,萬芳十三號公園,萬美街1段與萬樂街口,1368,121.565398,25.001729,307055.0014
文木32公,文山區,萬美里,萬芳十二號公園,萬利街30巷24至32號對面,1694,121.563577,25.001465,306887.5873
文木29公,文山區,萬芳里,原野運動公園,萬芳路木柵高工旁,8337,121.571366,24.997126,307675.8887
文木27公,文山區,博嘉里,博嘉公園,軍功路47巷55號之8旁,1173,121.573539,25.000452,307893.6566
文木19公,文山區,樟文里,樟興公園,木新路3段與辛亥路7段口,2797,121.554117,24.98067,305942.0675
文木16公,文山區,木柵里,久康公園,久康街39號,1522,121.56458,24.989352,306994.4679
文木15,文山區,樟林里,光輝公園,光輝路9之1號前與21巷22號對面,2151,121.555842,24.986116,306113.7901
文木12公,文山區,順興里,保儀公園,興隆路4段179巷內,2916,121.563468,24.98354,306884.8591
文木10公,文山區,木新里,木南公園,木新路2段43巷1號旁,2498,121.57084,24.986527,307627.6544
文木9公,文山區,華興里,華興公園,試院路4巷內,3308,121.550466,24.989168,305569.6336
文木8公,文山區,試院里,試院公園,木柵路1段89巷,1480,121.547318,24.987791,305252.5065
文木7公,文山區,順興里,木榮公園,木新路2段218巷口,919,121.568659,24.98464,307408.3737
文木6公,文山區,樟樹里,忠順公園,興隆路4段96巷底,1113,121.561144,24.983144,306650.4238
文木5公,文山區,樟林里,樟林公園,忠順街1段121巷7弄12號前,1140,121.559211,24.984637,306454.5442
文木4公,文山區,樟文里,樟樹公園,忠順街1段26巷26弄口,1035,121.559374,24.982719,306471.9067
文木3公,文山區,樟文里,木新公園,木新路3段278巷7弄11號對面,1071,121.558036,24.982218,306337.0419
南55,南港區,中研里,幸福公園,研究院路2段35巷旁,4861,121.616054,25.04602,312162.3402
南51,南港區,三重里,經貿公園,臺北市南港區經園街66號前,2632,121.616356,25.062575,312184.4043
南52,南港區,三重里,港後公園,臺北市南港區經貿二路255巷,1770,121.615383,25.06275,312086.1668
南31,南港區,舊莊里,理想公園,舊莊街1段145巷6弄28號,2053,121.621593,25.039871,312724.3577
南30,南港區,舊莊里,舊莊公園,舊莊街1段91巷,3306,121.620265,25.041372,312589.5197
南28,南港區,中研里,福山公園,研究院路2段61巷1弄,3670,121.61785,25.044702,312344.1455
南27,南港區,中研里,六福公園,研究院路2段35巷23弄,7008,121.616513,25.047255,312208.0151
南33,南港區,新富里,新富公園,研究院路1段65巷,875,121.616961,25.053029,312250.2582
南3,南港區,南港里,南興公園,南港路1段360號對面,4801,121.606902,25.05402,311234.8629
南13,南港區,東明里,東明公園,南港路2段86巷9弄,7450,121.603637,25.054803,310905.0163
南16,南港區,東新里,興華公園,興華路114巷,724,121.604792,25.056772,311018.5641
南4,南港區,東新里,興南公園,興南街與重陽路交叉口,1585,121.597399,25.055119,310915.1554
南15,南港區,東新里,重陽公園,臺北市南港區重陽路120號旁,2610,121.599149,25.056198,310451.4468
南49,南港區,重陽里,東陽公園,臺北市南港區重陽路187巷旁,9947,121.603739,25.057444,310342.9573
南64,南港區,合成里,合成公園,永吉路與中坡北路交叉口,372,121.581139,25.045104,308639.6105
停車場附,內湖區,西康里,西康2號公園,內湖路1段203巷25號,4294,121.563927,25.084977,306884.3423
湖129公,內湖區,金湖里,康湖2號公園,成功路五段450巷23弄23號旁,2469,121.60373,25.077377,311408.5595
湖128公,內湖區,金湖里,麗湖綠地,金湖路363巷51弄口,1776,121.598125,25.075945,310582.5824
湖123公,內湖區,湖元里,文心公園,新湖二路及新湖三路交接處,4559,121.584185,25.065452,308937.2039
湖122公,內湖區,週美里,美善公園,行善路59巷20弄2號旁,2481,121.578578,25.057004,308375.5366
湖121公,內湖區,行善里,行善公園,南京東路六段32號旁,3260,121.57558,25.053257,308074.8452
湖120公,內湖區,行善里,環東公園,南京東路六段北側,4410,121.542929,25.043728,308036.3083
湖118公,內湖區,金湖里,康湖公園,成功路五段420巷30號旁,4089,121.608727,25.074675,311408.6348
湖114公,內湖區,寶湖里,大坑公園,民權東路6段191巷50號對面,437,121.600549,25.070078,310397.7675
湖113公,內湖區,金湖里,麗湖公園,金湖路363巷67弄63號對面,1152,121.599264,25.073493,310454.6086
湖112公,內湖區,石潭里,游美公園,民權東路六段206巷143弄底,1380,121.5972,25.0646,310248.7334
湖108公,內湖區,湖元里,瑞湖公園,民權東路六段19巷底,5574,121.576888,25.069311,308199.1762
湖105公,內湖區,西湖里,洲子2號公園,瑞光路581號旁 (環保公園),5123,121.568631,25.079595,307359.4485
湖103公,內湖區,西康里,北勢湖公園,內湖路1段66號旁(環保公園),5474,121.561676,25.083751,306657.913
湖101公,內湖區,大湖里,湖山八號公園,大湖山莊街25號旁,324,121.603268,25.08392,310853.3551
湖99公,內湖區,秀湖里,湖山六號公園,大湖街166巷24號對面(大湖派出所後方),8638,121.601862,25.083095,310711.9582
湖98公,內湖區,秀湖里,湖山五號公園,大湖街158巷39號旁,2568,121.600837,25.081584,310609.3241
湖97公,內湖區,秀湖里,湖山四號公園,大湖街160巷18弄2號對面,525,121.600753,25.082701,310600.2717
湖96公,內湖區,大湖里,湖山三號公園,大湖山莊街65巷北側,6527,121.60447,25.087161,310973.0001
湖95公,內湖區,港華里,港華四號公園,環山路2段68巷14號對面,789,121.575284,25.086526,308029.2935
湖94公,內湖區,港華里,港華三號公園,環山路二段68巷14號港華區民活動中心旁,927,121.575064,25.086691,308006.978
湖93公,內湖區,港華里,港華二號公園,環山路2段50巷11號旁,173,121.573843,25.087789,307883.3144
湖92公,內湖區,港華里,港華一號公園,環山路2段50巷2號旁,1327,121.574464,25.085208,307847.439
湖90公,內湖區,紫陽里,陽光公園,陽光街68巷口北側(內湖高中後方),2840,121.586199,25.077099,309134.8639
湖87公,內湖區,湖元里,扶輪親恩公園,民權東路6段30號旁,4610,121.579745,25.066705,308488.6719
湖84公,內湖區,大湖里,翠湖公園,大湖山莊街117號至147號後面,1150,121.601872,25.086484,310711.2949
湖81公,內湖區,金龍里,金龍公園,金龍路112巷旁(碧湖國小旁),458,121.584942,25.086817,309589.9843
湖79公,內湖區,西湖里,仙樹公園,環山路1段59巷14弄2號對面,8719,121.568997,25.085612,307395.5551
湖34公,內湖區,寶湖里,湖聖公園,民權東路六段123巷20弄23號前,828,121.591768,25.069765,309700.1988
湖32公,內湖區,湖元里,湖元公園,民權東路6段120巷3弄1號對面,1203,121.587021,25.068231,309221.9813
湖24公,內湖區,行善里,新明公園,新明路428巷13號對面,1740,121.578814,25.054129,308400.7427
湖21公,內湖區,清白里,福壽公園,星雲街150巷18號旁,1970,121.596561,25.07981,310178.7802
湖20公,內湖區,碧山里,碧山公園,內湖路三段60巷10號前,2603,121.591958,25.087075,309710.9519
湖19公,內湖區,金瑞里,金瑞公園,內湖路3段191巷28號對面,2756,121.58795,25.087957,309306.258
湖17公,內湖區,瑞陽里,文德二號公園,文德路208巷旁,6194,121.58374,25.077857,308886.4036
湖16公,內湖區,瑞陽里,瑞陽公園,文德路22巷10號對面,2617,121.579445,25.077598,308453.2124
湖12公,內湖區,港富里,山腳公園,環山路3段18號對面,5801,121.579898,25.084093,308495.8541
湖11公,內湖區,港都里,港墘公園,內湖路一段667巷9-1號,2271,121.57031,25.083598,308145.8315
湖10公,內湖區,港都里,港都公園,港華街40號旁(麗山國中後),1779,121.575225,25.082721,308025.1114
湖09公,內湖區,港華里,港華六號公園,港華街85巷21號前,803,121.574621,25.084261,307963.5039
湖05公,內湖區,西康里,西康公園,內湖路1段217巷旁,3277,121.564394,25.083118,306932.305
湖04公,內湖區,西安里,西安公園,環山路1段136巷10弄10號對面,3494,121.56748,25.08745,307241.6518
湖03公,內湖區,西安里,文湖公園,內湖路1段91巷35弄40號對面,886,121.560886,25.087414,306576.533
湖02公,內湖區,西安里,九華公園,文湖街21巷68弄16號旁,2069,121.56138,25.088586,306625.7674
湖74公,內湖區,安湖里,安湖公園,東湖路113巷141號前,466,121.615417,25.074016,312081.8748
湖68公,內湖區,湖興里,湖興公園,成功路二段312巷13號前,5717,121.589591,25.066926,309481.9519
湖57公,內湖區,樂康里,樂康公園,康樂街61巷73弄24號對面,796,121.6207,25.070068,312618.8844
湖56公,內湖區,東湖里,東湖四號公園,康樂街110巷16弄20號(康樂派出所前),2227,121.618078,25.070447,312353.909
湖55公,內湖區,安湖里,安湖三號公園,東湖路113巷49弄5號前,1399,121.615694,25.070415,312113.6869
湖54公,內湖區,安泰里,安泰公園,安泰街33巷底,1336,121.618638,25.074088,312408.8007
湖52公,內湖區,康寧里,東湖二號公園,康寧路3段99巷39弄27號前,3050,121.610917,25.07389,311629.9477
湖51公,內湖區,康寧里,東湖一號公園,康寧路3段189巷163弄17號前,3698,121.61214,25.075602,311752.5038
湖50公,內湖區,五分里,五分公園,安康路448號對面,1432,121.614795,25.067115,312024.6077
湖49公,內湖區,南湖里,康寧公園,民權東路六段296巷121號對面,6017,121.609591,25.06891,311498.6733
湖48公,內湖區,南湖里,南湖一號公園,康寧路3段180巷22號對面(環保公園),598,121.611095,25.069141,311650.3059
湖45公,內湖區,寶湖里,湖寶公園,民權東路六段228號西側,612,121.599557,25.066597,310487.4945
湖73公,內湖區,五分里,安康公園,康寧路三段245巷42號前,8433,121.61238,25.067126,311779.4634
湖22號,內湖區,秀湖里,煙波庭公園,大湖街131巷18弄61號對面,3729,121.599248,25.086342,310444.6636
205,士林區,德行里,德行公園,德行西路30號,7399,121.523649,25.105111,302812.7581
77,士林區,天壽里,天壽公園,中山北路6段,6558,121.523167,25.110388,302761.8368
17,士林區,岩山里,仰德二號公園,仰德大道1段2-2號,2540,121.53828,25.09999,304290.6127
7,士林區,岩山里,仰德一號公園,仰德大道1段2-1號,2611,121.53778,25.100074,304240.1655
153,士林區,臨溪里,外雙溪公園,至善路2段284巷19號,2240,121.552392,25.101267,305713.422
177,士林區,福順里,福順公園,延平北路5段136巷,1827,121.511135,25.082353,301560.1293
175,士林區,承德里,基河公園,中山北路、通河街交叉口,4240,121.524022,25.080041,302861.1804
士186,士林區,明勝里,明勝公園,承德路4段6巷56號旁,221,121.520331,25.085756,302486.3615
30,士林區,後港里,後港公園,度量衡檢定所旁,3460,121.511932,25.096955,301634.4152
31,士林區,福中里,福中公園,福港街107巷百齡國小附近,2831,121.518836,25.087917,302334.6492
51,士林區,福德里,承德公園,大南路138號對面,8240,121.521985,25.089655,302651.5798
22,士林區,福佳里,華聲公園,華聲街20號對面,3754,121.522491,25.095981,302699.827
66,士林區,福佳里,新佳公園,文昌路179巷12號對面,762,121.519487,25.098626,302395.7056
108,士林區,岩山里,至誠公園,至誠路1段24號對面,3326,121.536683,25.101092,304129.0692
111,士林區,蘭興里,磺溪公園,德行西路93巷底,4050,121.520628,25.104884,302508.1122
50,士林區,德華里,德仁公園,文林路714巷內,348,121.521461,25.102664,302593.1566
2,士林區,天和里,天和一號公園,天母東路69巷口,1858,121.5325,25.1167,303698.4683
176,士林區,社子里,社正公園,中正路與重慶北路四段交叉處,3860,121.51042,25.0875,301484.0483
146,士林區,臨溪里,至德園公園,至善路2段113巷,8723,121.5464,25.0984,305108.436
投38公,北投區,關渡里,知行公園,知行路225巷,2759,121.466646,25.119727,297058.0478
投159公,北投區,豐年里,豐年公園,中央北路大業路口,1565,121.496659,25.136012,300078.0071
投21綠,北投區,文化里,文化二公園,中央北路1段228巷,1164,121.496839,25.136434,300095.9881
投21公,北投區,文化里,文化一公園,中央北路2段文化國小對面,2855,121.512379,25.108447,301674.6805
投60綠,北投區,長安里,長安公園,育仁路119巷對面,4288,121.501835,25.13614,300599.8971
投50公,北投區,中庸里,中庸一公園,雙全街50號對面,5049,121.501237,25.138044,300538.8455
投174綠,北投區,清江里,清江二公園,崇仁路1段154號旁,1161,121.501885,25.123679,300621.9406
投67公,北投區,清江里,清江一公園,崇仁路1段154號對面,3292,121.502485,25.123914,300651.7444
投97綠,北投區,永欣里,同德公園,同德街底27巷19號前,6750,121.52945,25.125074,303389.1506
投17公,北投區,立農里,吉利公園,吉利街179號旁,5270,121.508369,25.119006,301265.8867
投142綠,北投區,榮光里,致遠公園,致遠一路2段自強市場旁,2503,121.515052,25.111272,301943.1314
投14公,北投區,榮光里,榮光公園,石牌路1段石牌國中對面磐安新村前,3293,121.509794,25.116541,301410.583
投12公,北投區,振華里,振華公園,振華街24號對面,9073,121.518845,25.11517,302323.9767
投85綠,北投區,東華里,健行公園,致遠三路147巷二弄內,2367,121.508828,25.121212,301311.2205
投158公,北投區,建民里,建民公園,文林北路16巷7號對面（社區已拆除）,3230,121.52025,25.1056,302467.8582
安69公,大安區,龍安里,金華公園,金華街164巷1弄3號,4390,121.531168,25.029591,303603.9667